customer_id,first_name,last_name,email
1,James,Martinez,david.brown@email.com
2,Jane,Lee,anna.miller@email.com
3,Sophie,Smith,sophie.brown@email.com
4,Robert,Lee,robert.williams@email.com
5,David,Smith,john.miller@email.com
6,Jane,Smith,jane.lee@email.com
7,Lisa,Smith,david.doe@email.com
8,Lisa,Johnson,robert.smith@email.com
9,John,Brown,robert.johnson@email.com
10,John,Taylor,jane.johnson@email.com
11,John,Doe,david.smith@email.com
12,James,Miller,anna.williams@email.com
13,Anna,Brown,jane.johnson@email.com
14,Lisa,Stewart,anna.smith@email.com
15,Robert,Stewart,mike.lee@email.com
16,Lisa,Johnson,david.lee@email.com
17,Anna,Williams,lisa.martinez@email.com
18,Anna,Smith,lisa.brown@email.com
19,Olga,Williams,lisa.lee@email.com
20,Sophie,Williams,anna.stewart@email.com
21,John,Stewart,jane.williams@email.com
22,Robert,Taylor,john.brown@email.com
23,Lisa,Smith,john.stewart@email.com
24,Robert,Brown,robert.johnson@email.com
25,James,Doe,james.taylor@email.com
26,Anna,Taylor,john.stewart@email.com
27,Mike,Johnson,anna.johnson@email.com
28,David,Doe,lisa.smith@email.com
29,Anna,Doe,mike.taylor@email.com
30,Mike,Lee,anna.miller@email.com
31,Olga,Taylor,mike.miller@email.com
32,John,Smith,robert.brown@email.com
33,Mike,Doe,mike.doe@email.com
34,David,Lee,olga.doe@email.com
35,Jane,Taylor,sophie.miller@email.com
36,Sophie,Martinez,anna.doe@email.com
37,John,Doe,sophie.lee@email.com
38,Olga,Stewart,mike.brown@email.com
39,Mike,Taylor,john.miller@email.com
40,Robert,Martinez,david.stewart@email.com
41,Robert,Brown,olga.brown@email.com
42,John,Stewart,mike.doe@email.com
43,Mike,Martinez,olga.johnson@email.com
44,James,Smith,lisa.martinez@email.com
45,Sophie,Smith,james.smith@email.com
46,Mike,Brown,anna.doe@email.com
47,Anna,Stewart,jane.martinez@email.com
48,Robert,Stewart,robert.miller@email.com
49,Robert,Brown,robert.martinez@email.com
50,James,Brown,james.brown@email.com
51,Robert,Doe,anna.miller@email.com
52,Mike,Smith,lisa.doe@email.com
53,Olga,Lee,robert.brown@email.com
54,Sophie,Martinez,john.doe@email.com
55,Anna,Johnson,mike.doe@email.com
56,Robert,Taylor,john.smith@email.com
57,Anna,Stewart,david.miller@email.com
58,Jane,Brown,anna.doe@email.com
59,Mike,Lee,john.doe@email.com
60,John,Taylor,david.stewart@email.com
61,Mike,Williams,robert.smith@email.com
62,Mike,Smith,david.martinez@email.com
63,Anna,Martinez,lisa.lee@email.com
64,Mike,Williams,mike.martinez@email.com
65,Robert,Johnson,olga.williams@email.com
66,John,Williams,david.williams@email.com
67,James,Taylor,david.williams@email.com
68,Lisa,Williams,olga.brown@email.com
69,Jane,Taylor,olga.doe@email.com
70,John,Lee,lisa.brown@email.com
71,John,Johnson,anna.smith@email.com
72,Mike,Williams,anna.martinez@email.com
73,John,Stewart,mike.smith@email.com
74,Anna,Johnson,james.williams@email.com
75,Robert,Johnson,lisa.martinez@email.com
76,Olga,Doe,jane.lee@email.com
77,David,Brown,lisa.smith@email.com
78,Jane,Martinez,sophie.taylor@email.com
79,Lisa,Brown,anna.martinez@email.com
80,Sophie,Brown,david.taylor@email.com
81,Lisa,Taylor,john.lee@email.com
82,Jane,Stewart,anna.brown@email.com
83,Sophie,Doe,sophie.doe@email.com
84,David,Doe,james.lee@email.com
85,Lisa,Williams,lisa.johnson@email.com
86,John,Johnson,anna.doe@email.com
87,Sophie,Miller,john.martinez@email.com
88,Anna,Miller,john.smith@email.com
89,James,Taylor,mike.stewart@email.com
90,Olga,Stewart,james.williams@email.com
91,Mike,Miller,olga.smith@email.com
92,Sophie,Stewart,lisa.taylor@email.com
93,Mike,Stewart,jane.williams@email.com
94,Olga,Lee,david.brown@email.com
95,Jane,Smith,olga.johnson@email.com
96,Olga,Johnson,john.stewart@email.com
97,Jane,Smith,jane.lee@email.com
98,Jane,Doe,robert.lee@email.com
99,Anna,Stewart,david.smith@email.com
100,Jane,Lee,david.lee@email.com
101,Anna,Lee,james.smith@email.com
102,Sophie,Stewart,jane.brown@email.com
103,Robert,Williams,anna.martinez@email.com
104,Robert,Lee,anna.smith@email.com
105,Mike,Smith,sophie.taylor@email.com
106,Anna,Miller,robert.lee@email.com
107,Sophie,Miller,david.stewart@email.com
108,Sophie,Johnson,james.brown@email.com
109,Mike,Taylor,lisa.martinez@email.com
110,Jane,Martinez,sophie.williams@email.com
111,Robert,Miller,john.williams@email.com
112,Anna,Smith,john.doe@email.com
113,Jane,Smith,mike.lee@email.com
114,Anna,Taylor,jane.doe@email.com
115,Lisa,Doe,david.smith@email.com
116,Mike,Brown,lisa.stewart@email.com
117,James,Stewart,jane.brown@email.com
118,David,Brown,robert.doe@email.com
119,John,Taylor,jane.williams@email.com
120,Mike,Brown,john.johnson@email.com
121,David,Taylor,sophie.lee@email.com
122,Jane,Taylor,lisa.doe@email.com
123,Jane,Stewart,anna.brown@email.com
124,James,Doe,sophie.brown@email.com
125,David,Doe,lisa.martinez@email.com
126,Sophie,Miller,john.williams@email.com
127,Lisa,Brown,lisa.williams@email.com
128,John,Lee,mike.lee@email.com
129,Robert,Brown,john.johnson@email.com
130,Robert,Stewart,lisa.lee@email.com
131,Mike,Martinez,robert.stewart@email.com
132,Olga,Doe,mike.johnson@email.com
133,Jane,Lee,lisa.smith@email.com
134,Robert,Taylor,robert.williams@email.com
135,John,Doe,olga.williams@email.com
136,Lisa,Williams,james.stewart@email.com
137,James,Johnson,robert.williams@email.com
138,Lisa,Martinez,olga.doe@email.com
139,Anna,Miller,john.taylor@email.com
140,John,Martinez,john.lee@email.com
141,Sophie,Taylor,jane.lee@email.com
142,Olga,Taylor,anna.martinez@email.com
143,Sophie,Brown,james.lee@email.com
144,Lisa,Johnson,jane.stewart@email.com
145,Anna,Miller,anna.miller@email.com
146,Sophie,Doe,david.taylor@email.com
147,James,Martinez,jane.taylor@email.com
148,Olga,Doe,david.martinez@email.com
149,Sophie,Williams,john.johnson@email.com
150,John,Brown,mike.taylor@email.com
151,David,Johnson,sophie.miller@email.com
152,James,Williams,sophie.lee@email.com
153,Anna,Lee,lisa.johnson@email.com
154,Robert,Taylor,anna.johnson@email.com
155,Sophie,Stewart,sophie.smith@email.com
156,Jane,Williams,olga.taylor@email.com
157,John,Smith,lisa.lee@email.com
158,David,Brown,olga.johnson@email.com
159,David,Taylor,john.martinez@email.com
160,Sophie,Doe,anna.miller@email.com
161,John,Brown,sophie.miller@email.com
162,Lisa,Miller,robert.smith@email.com
163,Olga,Miller,olga.miller@email.com
164,Robert,Smith,john.miller@email.com
165,John,Johnson,olga.miller@email.com
166,Sophie,Miller,james.taylor@email.com
167,Robert,Taylor,david.williams@email.com
168,Olga,Brown,mike.lee@email.com
169,Sophie,Williams,mike.lee@email.com
170,James,Stewart,sophie.martinez@email.com
171,John,Taylor,james.taylor@email.com
172,Lisa,Johnson,john.martinez@email.com
173,Sophie,Williams,robert.smith@email.com
174,Olga,Martinez,lisa.brown@email.com
175,John,Lee,david.doe@email.com
176,Sophie,Lee,jane.lee@email.com
177,Jane,Taylor,james.stewart@email.com
178,John,Johnson,john.taylor@email.com
179,Anna,Williams,olga.lee@email.com
180,John,Stewart,james.miller@email.com
181,Jane,Smith,robert.stewart@email.com
182,David,Stewart,james.stewart@email.com
183,Lisa,Martinez,olga.stewart@email.com
184,James,Lee,mike.stewart@email.com
185,Anna,Taylor,anna.johnson@email.com
186,Lisa,Stewart,olga.miller@email.com
187,Olga,Miller,david.smith@email.com
188,David,Stewart,mike.smith@email.com
189,Jane,Lee,james.stewart@email.com
190,John,Lee,sophie.brown@email.com
191,James,Taylor,lisa.smith@email.com
192,Anna,Williams,david.taylor@email.com
193,Lisa,Smith,john.lee@email.com
194,David,Doe,mike.johnson@email.com
195,Jane,Johnson,mike.johnson@email.com
196,Mike,Lee,anna.stewart@email.com
197,Anna,Martinez,john.doe@email.com
198,James,Williams,lisa.brown@email.com
199,David,Doe,lisa.taylor@email.com
200,Olga,Brown,lisa.williams@email.com
201,Robert,Miller,olga.smith@email.com
202,Jane,Taylor,anna.taylor@email.com
203,Olga,Stewart,david.martinez@email.com
204,Robert,Brown,lisa.martinez@email.com
205,Mike,Taylor,john.brown@email.com
206,Anna,Stewart,sophie.smith@email.com
207,Robert,Doe,john.taylor@email.com
208,Robert,Lee,john.lee@email.com
209,Lisa,Williams,david.johnson@email.com
210,Lisa,Martinez,sophie.miller@email.com
211,Olga,Williams,robert.doe@email.com
212,Olga,Lee,anna.williams@email.com
213,Sophie,Stewart,anna.doe@email.com
214,Robert,Taylor,mike.miller@email.com
215,John,Williams,robert.lee@email.com
216,Anna,Lee,jane.johnson@email.com
217,Sophie,Taylor,lisa.brown@email.com
218,Anna,Lee,john.doe@email.com
219,James,Taylor,jane.stewart@email.com
220,Jane,Smith,robert.stewart@email.com
221,John,Doe,anna.stewart@email.com
222,Jane,Lee,david.brown@email.com
223,Jane,Lee,anna.taylor@email.com
224,David,Stewart,anna.williams@email.com
225,Mike,Martinez,jane.smith@email.com
226,Jane,Stewart,mike.stewart@email.com
227,Lisa,Johnson,sophie.johnson@email.com
228,Robert,Stewart,james.stewart@email.com
229,Anna,Brown,mike.brown@email.com
230,Robert,Williams,mike.johnson@email.com
231,Mike,Williams,james.stewart@email.com
232,Sophie,Johnson,lisa.williams@email.com
233,Robert,Lee,sophie.williams@email.com
234,Jane,Smith,lisa.lee@email.com
235,Robert,Brown,lisa.stewart@email.com
236,John,Martinez,jane.taylor@email.com
237,Jane,Lee,sophie.brown@email.com
238,John,Stewart,jane.lee@email.com
239,Anna,Johnson,robert.brown@email.com
240,Anna,Stewart,olga.smith@email.com
241,David,Taylor,olga.miller@email.com
242,Sophie,Johnson,mike.stewart@email.com
243,James,Miller,anna.stewart@email.com
244,Mike,Martinez,lisa.taylor@email.com
245,James,Stewart,david.miller@email.com
246,David,Williams,mike.smith@email.com
247,Robert,Doe,robert.williams@email.com
248,Jane,Johnson,robert.miller@email.com
249,Olga,Taylor,jane.lee@email.com
250,John,Smith,john.williams@email.com
251,Anna,Taylor,robert.taylor@email.com
252,Anna,Williams,sophie.johnson@email.com
253,David,Taylor,jane.lee@email.com
254,Mike,Stewart,mike.johnson@email.com
255,James,Martinez,james.stewart@email.com
256,John,Taylor,james.doe@email.com
257,Mike,Doe,david.johnson@email.com
258,Olga,Smith,anna.smith@email.com
259,Anna,Johnson,jane.doe@email.com
260,Jane,Smith,james.taylor@email.com
261,John,Martinez,james.johnson@email.com
262,Lisa,Williams,olga.johnson@email.com
263,Sophie,Johnson,jane.miller@email.com
264,Anna,Smith,olga.doe@email.com
265,Mike,Stewart,mike.smith@email.com
266,Mike,Williams,anna.williams@email.com
267,David,Brown,david.williams@email.com
268,Olga,Johnson,mike.brown@email.com
269,Anna,Taylor,david.williams@email.com
270,Robert,Williams,mike.taylor@email.com
271,Olga,Smith,sophie.johnson@email.com
272,David,Lee,james.williams@email.com
273,Mike,Taylor,olga.smith@email.com
274,Sophie,Smith,olga.smith@email.com
275,David,Smith,jane.johnson@email.com
276,John,Brown,david.williams@email.com
277,Robert,Taylor,david.williams@email.com
278,Olga,Stewart,mike.taylor@email.com
279,Mike,Smith,jane.lee@email.com
280,Lisa,Brown,lisa.johnson@email.com
281,David,Johnson,anna.brown@email.com
282,John,Johnson,john.doe@email.com
283,Anna,Martinez,james.smith@email.com
284,Lisa,Williams,john.lee@email.com
285,Mike,Lee,james.brown@email.com
286,James,Martinez,sophie.martinez@email.com
287,Mike,Williams,jane.martinez@email.com
288,James,Brown,robert.stewart@email.com
289,John,Taylor,robert.brown@email.com
290,Jane,Lee,jane.smith@email.com
291,Lisa,Doe,anna.williams@email.com
292,Olga,Williams,sophie.lee@email.com
293,James,Miller,anna.williams@email.com
294,Sophie,Stewart,david.taylor@email.com
295,Robert,Stewart,lisa.stewart@email.com
296,Sophie,Miller,james.johnson@email.com
297,Olga,Stewart,john.lee@email.com
298,David,Williams,david.smith@email.com
299,James,Miller,mike.brown@email.com
300,John,Lee,john.lee@email.com
301,Anna,Lee,david.miller@email.com
302,Sophie,Williams,robert.lee@email.com
303,Olga,Brown,robert.lee@email.com
304,Lisa,Smith,jane.williams@email.com
305,David,Taylor,lisa.brown@email.com
306,Anna,Doe,anna.williams@email.com
307,James,Johnson,robert.stewart@email.com
308,Sophie,Taylor,anna.johnson@email.com
309,Jane,Stewart,robert.stewart@email.com
310,Anna,Williams,david.lee@email.com
311,Lisa,Miller,david.brown@email.com
312,Lisa,Taylor,james.martinez@email.com
313,Lisa,Williams,mike.williams@email.com
314,Mike,Smith,david.johnson@email.com
315,Sophie,Johnson,anna.doe@email.com
316,Mike,Smith,david.johnson@email.com
317,Olga,Brown,robert.miller@email.com
318,Jane,Lee,lisa.williams@email.com
319,Olga,Brown,olga.miller@email.com
320,Mike,Williams,robert.taylor@email.com
321,Robert,Stewart,jane.williams@email.com
322,James,Taylor,sophie.stewart@email.com
323,Mike,Stewart,john.taylor@email.com
324,Lisa,Johnson,lisa.martinez@email.com
325,Anna,Doe,anna.lee@email.com
326,Mike,Stewart,anna.smith@email.com
327,Lisa,Stewart,sophie.taylor@email.com
328,Olga,Johnson,david.johnson@email.com
329,Jane,Johnson,sophie.miller@email.com
330,Anna,Smith,jane.martinez@email.com
331,Anna,Brown,jane.miller@email.com
332,Robert,Taylor,sophie.lee@email.com
333,James,Williams,jane.johnson@email.com
334,Sophie,Brown,sophie.williams@email.com
335,Anna,Miller,david.martinez@email.com
336,James,Smith,robert.brown@email.com
337,James,Brown,lisa.stewart@email.com
338,James,Doe,jane.smith@email.com
339,Olga,Taylor,robert.taylor@email.com
340,John,Martinez,james.doe@email.com
341,Anna,Stewart,jane.brown@email.com
342,Jane,Smith,sophie.smith@email.com
343,Robert,Martinez,jane.doe@email.com
344,Lisa,Taylor,lisa.doe@email.com
345,David,Williams,john.lee@email.com
346,David,Smith,jane.williams@email.com
347,James,Martinez,john.miller@email.com
348,Sophie,Doe,robert.stewart@email.com
349,David,Doe,robert.johnson@email.com
350,Mike,Smith,lisa.miller@email.com
351,David,Doe,sophie.miller@email.com
352,Mike,Taylor,lisa.martinez@email.com
353,James,Miller,john.smith@email.com
354,Robert,Brown,olga.martinez@email.com
355,Robert,Smith,olga.doe@email.com
356,Olga,Williams,mike.taylor@email.com
357,Robert,Martinez,mike.martinez@email.com
358,Robert,Martinez,david.williams@email.com
359,Robert,Martinez,james.stewart@email.com
360,Olga,Stewart,james.johnson@email.com
361,Jane,Martinez,jane.doe@email.com
362,Lisa,Miller,david.brown@email.com
363,Sophie,Taylor,anna.stewart@email.com
364,Lisa,Miller,lisa.taylor@email.com
365,Robert,Lee,anna.smith@email.com
366,Jane,Doe,james.miller@email.com
367,Mike,Stewart,olga.martinez@email.com
368,Sophie,Brown,sophie.martinez@email.com
369,Anna,Miller,david.williams@email.com
370,Robert,Doe,james.williams@email.com
371,John,Doe,olga.taylor@email.com
372,Olga,Williams,david.williams@email.com
373,David,Brown,robert.doe@email.com
374,Mike,Johnson,david.lee@email.com
375,Jane,Taylor,jane.brown@email.com
376,Sophie,Smith,anna.smith@email.com
377,Robert,Brown,jane.williams@email.com
378,Olga,Smith,mike.doe@email.com
379,Anna,Brown,sophie.johnson@email.com
380,Sophie,Williams,james.taylor@email.com
381,Jane,Lee,olga.miller@email.com
382,John,Johnson,anna.lee@email.com
383,Sophie,Williams,david.doe@email.com
384,Olga,Stewart,john.stewart@email.com
385,Sophie,Miller,robert.miller@email.com
386,Sophie,Johnson,john.brown@email.com
387,Mike,Williams,james.doe@email.com
388,John,Johnson,jane.smith@email.com
389,Anna,Martinez,anna.johnson@email.com
390,Jane,Martinez,mike.lee@email.com
391,Robert,Smith,mike.smith@email.com
392,Olga,Martinez,mike.martinez@email.com
393,Robert,Lee,sophie.stewart@email.com
394,Anna,Brown,olga.williams@email.com
395,Jane,Johnson,mike.johnson@email.com
396,Lisa,Doe,james.smith@email.com
397,Jane,Stewart,lisa.smith@email.com
398,James,Taylor,robert.lee@email.com
399,David,Brown,jane.miller@email.com
400,James,Lee,jane.brown@email.com
401,James,Stewart,lisa.brown@email.com
402,Lisa,Brown,james.lee@email.com
403,Mike,Miller,john.williams@email.com
404,David,Miller,mike.stewart@email.com
405,Jane,Doe,james.smith@email.com
406,Lisa,Lee,jane.brown@email.com
407,Sophie,Lee,sophie.stewart@email.com
408,John,Lee,anna.taylor@email.com
409,Jane,Stewart,olga.miller@email.com
410,Olga,Smith,robert.williams@email.com
411,Lisa,Johnson,anna.miller@email.com
412,Lisa,Johnson,mike.brown@email.com
413,Robert,Doe,robert.johnson@email.com
414,Sophie,Taylor,james.taylor@email.com
415,Jane,Lee,lisa.smith@email.com
416,David,Miller,david.doe@email.com
417,David,Doe,david.brown@email.com
418,Sophie,Martinez,lisa.miller@email.com
419,John,Lee,sophie.johnson@email.com
420,Anna,Miller,jane.stewart@email.com
421,Lisa,Williams,jane.smith@email.com
422,Olga,Martinez,olga.taylor@email.com
423,Olga,Stewart,james.williams@email.com
424,James,Lee,james.williams@email.com
425,James,Miller,james.johnson@email.com
426,Robert,Doe,david.lee@email.com
427,Mike,Lee,john.johnson@email.com
428,Jane,Doe,jane.taylor@email.com
429,David,Smith,anna.williams@email.com
430,John,Smith,robert.lee@email.com
431,Jane,Martinez,sophie.miller@email.com
432,Sophie,Smith,jane.williams@email.com
433,Lisa,Taylor,robert.martinez@email.com
434,Robert,Doe,jane.lee@email.com
435,Olga,Williams,jane.martinez@email.com
436,Anna,Martinez,olga.stewart@email.com
437,Olga,Smith,olga.martinez@email.com
438,James,Taylor,jane.miller@email.com
439,Lisa,Martinez,lisa.lee@email.com
440,Sophie,Doe,lisa.williams@email.com
441,Mike,Miller,olga.brown@email.com
442,Jane,Martinez,olga.doe@email.com
443,David,Lee,robert.martinez@email.com
444,Jane,Smith,anna.smith@email.com
445,Sophie,Johnson,james.stewart@email.com
446,Robert,Taylor,james.johnson@email.com
447,Robert,Stewart,lisa.martinez@email.com
448,Sophie,Williams,olga.miller@email.com
449,Lisa,Smith,jane.williams@email.com
450,Lisa,Lee,anna.lee@email.com
451,Olga,Johnson,olga.johnson@email.com
452,Robert,Lee,sophie.taylor@email.com
453,Sophie,Miller,john.smith@email.com
454,Olga,Martinez,john.lee@email.com
455,Sophie,Lee,anna.smith@email.com
456,Olga,Brown,sophie.doe@email.com
457,David,Johnson,jane.williams@email.com
458,Olga,Miller,robert.johnson@email.com
459,Robert,Brown,sophie.taylor@email.com
460,John,Martinez,olga.smith@email.com
461,Robert,Stewart,james.martinez@email.com
462,Jane,Doe,jane.brown@email.com
463,Robert,Williams,david.doe@email.com
464,Olga,Lee,sophie.doe@email.com
465,Anna,Lee,robert.lee@email.com
466,David,Johnson,anna.smith@email.com
467,Sophie,Brown,mike.brown@email.com
468,Robert,Miller,robert.brown@email.com
469,James,Brown,olga.brown@email.com
470,James,Stewart,jane.smith@email.com
471,James,Doe,james.stewart@email.com
472,Sophie,Smith,john.smith@email.com
473,David,Stewart,olga.brown@email.com
474,Robert,Lee,sophie.smith@email.com
475,Mike,Lee,john.brown@email.com
476,David,Johnson,olga.lee@email.com
477,John,Taylor,james.brown@email.com
478,Robert,Miller,lisa.stewart@email.com
479,Jane,Johnson,sophie.taylor@email.com
480,Lisa,Lee,robert.miller@email.com
481,Jane,Smith,olga.stewart@email.com
482,Anna,Martinez,james.doe@email.com
483,Sophie,Stewart,anna.smith@email.com
484,Anna,Brown,olga.stewart@email.com
485,Olga,Stewart,olga.doe@email.com
486,Mike,Taylor,sophie.doe@email.com
487,Anna,Brown,john.miller@email.com
488,John,Williams,john.martinez@email.com
489,Olga,Johnson,john.martinez@email.com
490,David,Stewart,olga.stewart@email.com
491,Olga,Smith,lisa.stewart@email.com
492,David,Lee,john.stewart@email.com
493,David,Doe,lisa.miller@email.com
494,Lisa,Johnson,jane.taylor@email.com
495,David,Williams,mike.taylor@email.com
496,Olga,Miller,jane.miller@email.com
497,Anna,Taylor,mike.brown@email.com
498,Anna,Williams,anna.johnson@email.com
499,Jane,Martinez,robert.smith@email.com
500,James,Lee,anna.brown@email.com
501,James,Martinez,john.smith@email.com
502,Lisa,Stewart,john.johnson@email.com
503,David,Martinez,olga.taylor@email.com
504,Sophie,Smith,jane.stewart@email.com
505,James,Brown,james.martinez@email.com
506,David,Johnson,james.smith@email.com
507,James,Martinez,olga.lee@email.com
508,James,Stewart,david.johnson@email.com
509,Jane,Doe,jane.doe@email.com
510,Sophie,Williams,john.smith@email.com
511,Anna,Taylor,mike.lee@email.com
512,John,Johnson,sophie.johnson@email.com
513,Olga,Brown,james.martinez@email.com
514,John,Taylor,sophie.brown@email.com
515,Olga,Lee,james.miller@email.com
516,Mike,Martinez,john.lee@email.com
517,Olga,Miller,jane.smith@email.com
518,Mike,Lee,david.doe@email.com
519,Sophie,Smith,lisa.lee@email.com
520,Mike,Taylor,sophie.stewart@email.com
521,Mike,Stewart,sophie.brown@email.com
522,John,Stewart,lisa.williams@email.com
523,Robert,Williams,james.smith@email.com
524,Lisa,Brown,robert.taylor@email.com
525,Lisa,Miller,james.smith@email.com
526,James,Lee,jane.miller@email.com
527,Lisa,Doe,robert.johnson@email.com
528,James,Miller,james.stewart@email.com
529,Olga,Miller,anna.doe@email.com
530,Olga,Lee,john.doe@email.com
531,John,Doe,olga.lee@email.com
532,David,Miller,david.smith@email.com
533,David,Doe,olga.miller@email.com
534,Sophie,Brown,anna.lee@email.com
535,Anna,Williams,anna.miller@email.com
536,James,Williams,mike.lee@email.com
537,Jane,Brown,anna.smith@email.com
538,Robert,Johnson,mike.doe@email.com
539,John,Miller,anna.lee@email.com
540,Mike,Smith,mike.miller@email.com
541,Sophie,Brown,olga.brown@email.com
542,Lisa,Taylor,robert.lee@email.com
543,Anna,Taylor,david.smith@email.com
544,Jane,Brown,mike.williams@email.com
545,Mike,Taylor,james.stewart@email.com
546,Jane,Martinez,olga.martinez@email.com
547,John,Williams,david.lee@email.com
548,David,Stewart,anna.martinez@email.com
549,David,Stewart,david.williams@email.com
550,David,Smith,robert.stewart@email.com
551,Olga,Taylor,robert.williams@email.com
552,Olga,Miller,anna.smith@email.com
553,Anna,Lee,robert.johnson@email.com
554,John,Miller,olga.doe@email.com
555,Sophie,Miller,anna.doe@email.com
556,Anna,Lee,sophie.brown@email.com
557,Sophie,Lee,lisa.brown@email.com
558,Lisa,Miller,mike.miller@email.com
559,James,Smith,david.lee@email.com
560,John,Williams,jane.smith@email.com
561,James,Smith,mike.doe@email.com
562,Anna,Smith,mike.miller@email.com
563,Lisa,Doe,david.stewart@email.com
564,Robert,Doe,robert.johnson@email.com
565,James,Doe,anna.smith@email.com
566,Jane,Williams,anna.lee@email.com
567,Olga,Martinez,jane.brown@email.com
568,David,Lee,lisa.brown@email.com
569,Lisa,Stewart,robert.taylor@email.com
570,Anna,Brown,anna.taylor@email.com
571,Olga,Smith,anna.stewart@email.com
572,Lisa,Williams,anna.johnson@email.com
573,Jane,Doe,mike.doe@email.com
574,David,Stewart,john.doe@email.com
575,Anna,Johnson,sophie.taylor@email.com
576,Jane,Smith,sophie.williams@email.com
577,Jane,Lee,sophie.johnson@email.com
578,John,Lee,james.doe@email.com
579,Anna,Lee,olga.martinez@email.com
580,Mike,Martinez,robert.doe@email.com
581,Mike,Lee,david.smith@email.com
582,John,Johnson,lisa.johnson@email.com
583,Anna,Martinez,james.lee@email.com
584,David,Williams,robert.stewart@email.com
585,David,Doe,robert.smith@email.com
586,James,Johnson,olga.stewart@email.com
587,Robert,Lee,anna.lee@email.com
588,Mike,Doe,olga.stewart@email.com
589,Lisa,Miller,robert.smith@email.com
590,Robert,Johnson,lisa.lee@email.com
591,John,Johnson,anna.smith@email.com
592,David,Brown,david.johnson@email.com
593,John,Brown,jane.taylor@email.com
594,John,Smith,sophie.brown@email.com
595,Robert,Stewart,mike.smith@email.com
596,Olga,Lee,olga.lee@email.com
597,John,Taylor,sophie.taylor@email.com
598,Jane,Brown,lisa.martinez@email.com
599,Olga,Doe,anna.stewart@email.com
600,Sophie,Smith,olga.lee@email.com
601,Robert,Smith,jane.brown@email.com
602,John,Brown,sophie.lee@email.com
603,John,Johnson,sophie.doe@email.com
604,Lisa,Taylor,anna.stewart@email.com
605,Olga,Martinez,james.stewart@email.com
606,Mike,Lee,sophie.williams@email.com
607,Sophie,Lee,robert.lee@email.com
608,John,Brown,james.miller@email.com
609,Olga,Martinez,anna.stewart@email.com
610,James,Stewart,john.taylor@email.com
611,John,Lee,jane.miller@email.com
612,Mike,Taylor,mike.taylor@email.com
613,Anna,Smith,david.miller@email.com
614,Sophie,Johnson,sophie.brown@email.com
615,Sophie,Williams,mike.smith@email.com
616,Olga,Stewart,anna.smith@email.com
617,Jane,Brown,olga.williams@email.com
618,David,Taylor,lisa.taylor@email.com
619,James,Williams,jane.taylor@email.com
620,Sophie,Brown,david.doe@email.com
621,James,Martinez,olga.martinez@email.com
622,Lisa,Miller,john.lee@email.com
623,James,Martinez,robert.doe@email.com
624,Lisa,Brown,mike.doe@email.com
625,Lisa,Martinez,olga.williams@email.com
626,Olga,Williams,jane.johnson@email.com
627,Robert,Taylor,olga.smith@email.com
628,David,Taylor,sophie.doe@email.com
629,David,Miller,robert.miller@email.com
630,Sophie,Williams,david.lee@email.com
631,James,Miller,jane.martinez@email.com
632,David,Stewart,david.martinez@email.com
633,Mike,Brown,james.stewart@email.com
634,Jane,Doe,sophie.taylor@email.com
635,Mike,Taylor,olga.smith@email.com
636,James,Smith,james.williams@email.com
637,Jane,Miller,john.miller@email.com
638,David,Miller,jane.doe@email.com
639,Anna,Williams,david.williams@email.com
640,Lisa,Doe,sophie.williams@email.com
641,Robert,Lee,mike.smith@email.com
642,Sophie,Miller,john.brown@email.com
643,Anna,Stewart,olga.johnson@email.com
644,Olga,Williams,olga.lee@email.com
645,Robert,Lee,mike.johnson@email.com
646,John,Taylor,lisa.williams@email.com
647,Mike,Smith,robert.miller@email.com
648,Mike,Martinez,mike.lee@email.com
649,Lisa,Brown,sophie.taylor@email.com
650,Olga,Brown,jane.brown@email.com
651,John,Johnson,james.smith@email.com
652,James,Miller,sophie.taylor@email.com
653,Robert,Martinez,sophie.miller@email.com
654,John,Lee,jane.stewart@email.com
655,Lisa,Doe,sophie.taylor@email.com
656,Olga,Lee,mike.brown@email.com
657,Olga,Doe,mike.williams@email.com
658,Jane,Martinez,olga.smith@email.com
659,Robert,Martinez,james.taylor@email.com
660,James,Lee,david.stewart@email.com
661,Olga,Johnson,anna.taylor@email.com
662,Jane,Johnson,robert.brown@email.com
663,John,Martinez,anna.taylor@email.com
664,Lisa,Williams,sophie.taylor@email.com
665,Mike,Miller,john.taylor@email.com
666,Olga,Miller,anna.smith@email.com
667,David,Martinez,david.miller@email.com
668,Sophie,Williams,james.doe@email.com
669,Robert,Johnson,david.doe@email.com
670,Lisa,Doe,james.taylor@email.com
671,John,Doe,james.williams@email.com
672,Robert,Miller,david.miller@email.com
673,Robert,Miller,david.brown@email.com
674,Olga,Doe,lisa.lee@email.com
675,Jane,Taylor,robert.smith@email.com
676,David,Taylor,james.johnson@email.com
677,Robert,Lee,robert.taylor@email.com
678,Sophie,Taylor,jane.brown@email.com
679,Olga,Stewart,lisa.miller@email.com
680,Jane,Miller,mike.johnson@email.com
681,James,Doe,anna.martinez@email.com
682,Jane,Miller,anna.doe@email.com
683,Mike,Doe,john.taylor@email.com
684,Mike,Taylor,robert.johnson@email.com
685,John,Martinez,sophie.stewart@email.com
686,James,Miller,lisa.brown@email.com
687,Anna,Lee,anna.lee@email.com
688,John,Lee,james.smith@email.com
689,Olga,Miller,anna.brown@email.com
690,Robert,Lee,anna.taylor@email.com
691,James,Miller,anna.stewart@email.com
692,Mike,Stewart,anna.miller@email.com
693,Lisa,Brown,anna.johnson@email.com
694,John,Johnson,robert.doe@email.com
695,David,Lee,sophie.brown@email.com
696,Anna,Brown,olga.johnson@email.com
697,John,Martinez,sophie.smith@email.com
698,Sophie,Stewart,mike.stewart@email.com
699,Anna,Williams,sophie.taylor@email.com
700,Anna,Lee,john.johnson@email.com
701,Olga,Miller,lisa.lee@email.com
702,David,Taylor,olga.martinez@email.com
703,Olga,Brown,robert.johnson@email.com
704,Robert,Johnson,anna.brown@email.com
705,John,Brown,robert.doe@email.com
706,Robert,Williams,olga.stewart@email.com
707,Robert,Stewart,anna.taylor@email.com
708,David,Stewart,james.martinez@email.com
709,Mike,Stewart,jane.smith@email.com
710,James,Brown,david.miller@email.com
711,Mike,Johnson,jane.miller@email.com
712,David,Miller,john.taylor@email.com
713,Olga,Brown,james.miller@email.com
714,David,Johnson,lisa.johnson@email.com
715,Jane,Doe,john.smith@email.com
716,Jane,Brown,mike.doe@email.com
717,Olga,Doe,robert.smith@email.com
718,Robert,Stewart,sophie.martinez@email.com
719,Mike,Miller,james.martinez@email.com
720,Lisa,Smith,olga.williams@email.com
721,Robert,Johnson,john.johnson@email.com
722,Olga,Smith,david.brown@email.com
723,David,Stewart,olga.brown@email.com
724,Mike,Stewart,david.taylor@email.com
725,James,Martinez,robert.johnson@email.com
726,Anna,Johnson,james.stewart@email.com
727,Robert,Lee,anna.johnson@email.com
728,Robert,Brown,sophie.miller@email.com
729,James,Brown,jane.smith@email.com
730,Olga,Lee,john.doe@email.com
731,James,Williams,lisa.smith@email.com
732,Anna,Taylor,mike.brown@email.com
733,John,Stewart,mike.stewart@email.com
734,David,Lee,olga.miller@email.com
735,Anna,Brown,jane.johnson@email.com
736,Robert,Brown,robert.doe@email.com
737,David,Brown,jane.johnson@email.com
738,Robert,Brown,robert.lee@email.com
739,Sophie,Lee,david.johnson@email.com
740,David,Lee,mike.brown@email.com
741,Jane,Lee,anna.lee@email.com
742,Jane,Miller,mike.williams@email.com
743,Jane,Martinez,david.williams@email.com
744,Jane,Doe,john.smith@email.com
745,James,Doe,james.miller@email.com
746,Sophie,Miller,robert.smith@email.com
747,Anna,Taylor,anna.miller@email.com
748,Anna,Martinez,david.brown@email.com
749,Anna,Lee,robert.lee@email.com
750,Lisa,Taylor,olga.martinez@email.com
751,Olga,Stewart,lisa.johnson@email.com
752,Lisa,Lee,james.martinez@email.com
753,James,Taylor,david.taylor@email.com
754,Jane,Lee,james.taylor@email.com
755,Sophie,Doe,david.johnson@email.com
756,Lisa,Taylor,mike.brown@email.com
757,David,Williams,mike.lee@email.com
758,Mike,Johnson,sophie.martinez@email.com
759,David,Martinez,sophie.smith@email.com
760,Olga,Taylor,olga.miller@email.com
761,David,Williams,jane.taylor@email.com
762,James,Brown,john.miller@email.com
763,John,Taylor,jane.stewart@email.com
764,David,Doe,olga.smith@email.com
765,John,Stewart,james.williams@email.com
766,Sophie,Miller,david.lee@email.com
767,Anna,Williams,olga.lee@email.com
768,John,Lee,david.doe@email.com
769,Mike,Stewart,david.johnson@email.com
770,John,Taylor,robert.taylor@email.com
771,Robert,Lee,sophie.taylor@email.com
772,Sophie,Miller,john.johnson@email.com
773,Lisa,Stewart,mike.miller@email.com
774,Olga,Stewart,anna.miller@email.com
775,James,Doe,anna.taylor@email.com
776,Lisa,Stewart,david.miller@email.com
777,Robert,Brown,anna.smith@email.com
778,John,Williams,david.miller@email.com
779,Sophie,Martinez,james.lee@email.com
780,Robert,Miller,james.johnson@email.com
781,Lisa,Lee,robert.stewart@email.com
782,Mike,Miller,james.brown@email.com
783,Robert,Stewart,jane.taylor@email.com
784,James,Stewart,david.doe@email.com
785,Anna,Stewart,sophie.johnson@email.com
786,Sophie,Lee,mike.miller@email.com
787,James,Brown,sophie.lee@email.com
788,Lisa,Miller,james.brown@email.com
789,Mike,Brown,sophie.stewart@email.com
790,Robert,Williams,lisa.williams@email.com
791,David,Stewart,david.brown@email.com
792,David,Doe,mike.brown@email.com
793,Robert,Williams,david.smith@email.com
794,Jane,Taylor,anna.lee@email.com
795,David,Stewart,david.brown@email.com
796,Mike,Johnson,james.williams@email.com
797,James,Miller,lisa.brown@email.com
798,Lisa,Martinez,robert.brown@email.com
799,James,Taylor,robert.miller@email.com
800,Robert,Stewart,olga.miller@email.com
801,Robert,Taylor,david.miller@email.com
802,Mike,Doe,anna.doe@email.com
803,James,Smith,anna.martinez@email.com
804,Jane,Williams,jane.miller@email.com
805,David,Martinez,anna.johnson@email.com
806,Olga,Miller,robert.doe@email.com
807,Anna,Williams,anna.smith@email.com
808,David,Doe,jane.doe@email.com
809,John,Stewart,sophie.lee@email.com
810,Anna,Martinez,james.miller@email.com
811,Robert,Smith,david.williams@email.com
812,Mike,Stewart,lisa.doe@email.com
813,Mike,Williams,sophie.johnson@email.com
814,Anna,Johnson,olga.lee@email.com
815,Anna,Williams,david.williams@email.com
816,Lisa,Johnson,lisa.brown@email.com
817,John,Smith,olga.johnson@email.com
818,Anna,Williams,olga.martinez@email.com
819,James,Stewart,olga.johnson@email.com
820,Lisa,Brown,sophie.taylor@email.com
821,Lisa,Brown,olga.johnson@email.com
822,Robert,Taylor,olga.taylor@email.com
823,Mike,Stewart,sophie.martinez@email.com
824,Jane,Williams,robert.williams@email.com
825,James,Johnson,robert.johnson@email.com
826,Olga,Johnson,anna.brown@email.com
827,Lisa,Miller,david.miller@email.com
828,David,Lee,olga.taylor@email.com
829,Robert,Johnson,mike.martinez@email.com
830,Robert,Doe,anna.williams@email.com
831,Mike,Smith,anna.brown@email.com
832,Robert,Williams,robert.williams@email.com
833,Sophie,Doe,olga.lee@email.com
834,James,Doe,jane.stewart@email.com
835,David,Taylor,olga.smith@email.com
836,Olga,Doe,anna.doe@email.com
837,David,Smith,lisa.smith@email.com
838,John,Doe,sophie.lee@email.com
839,James,Stewart,david.miller@email.com
840,David,Lee,john.lee@email.com
841,Robert,Stewart,james.johnson@email.com
842,Anna,Lee,robert.lee@email.com
843,Mike,Lee,robert.stewart@email.com
844,Lisa,Stewart,mike.miller@email.com
845,Robert,Stewart,sophie.taylor@email.com
846,David,Johnson,robert.taylor@email.com
847,Sophie,Taylor,robert.stewart@email.com
848,Mike,Doe,lisa.smith@email.com
849,Mike,Miller,anna.brown@email.com
850,James,Johnson,david.doe@email.com
851,Jane,Smith,robert.doe@email.com
852,Sophie,Johnson,james.williams@email.com
853,Anna,Williams,anna.lee@email.com
854,James,Williams,lisa.williams@email.com
855,Mike,Brown,anna.lee@email.com
856,Anna,Stewart,john.lee@email.com
857,John,Johnson,mike.miller@email.com
858,Olga,Miller,lisa.brown@email.com
859,Sophie,Johnson,jane.brown@email.com
860,James,Lee,jane.taylor@email.com
861,Sophie,Smith,jane.johnson@email.com
862,Sophie,Doe,david.smith@email.com
863,Robert,Miller,james.stewart@email.com
864,Mike,Miller,lisa.smith@email.com
865,James,Johnson,james.taylor@email.com
866,Anna,Smith,lisa.johnson@email.com
867,Robert,Johnson,mike.lee@email.com
868,James,Lee,anna.smith@email.com
869,Sophie,Stewart,david.brown@email.com
870,Anna,Johnson,anna.brown@email.com
871,Jane,Smith,robert.taylor@email.com
872,Robert,Miller,robert.taylor@email.com
873,Mike,Doe,david.taylor@email.com
874,David,Doe,sophie.smith@email.com
875,Jane,Doe,mike.miller@email.com
876,Anna,Miller,jane.taylor@email.com
877,Sophie,Stewart,mike.taylor@email.com
878,David,Martinez,james.williams@email.com
879,John,Doe,mike.taylor@email.com
880,Robert,Brown,james.brown@email.com
881,Anna,Doe,sophie.miller@email.com
882,Anna,Martinez,olga.williams@email.com
883,Olga,Doe,olga.williams@email.com
884,Robert,Lee,david.brown@email.com
885,Anna,Doe,mike.martinez@email.com
886,James,Stewart,john.johnson@email.com
887,Sophie,Taylor,jane.lee@email.com
888,James,Martinez,james.lee@email.com
889,David,Brown,olga.johnson@email.com
890,John,Brown,john.martinez@email.com
891,Lisa,Doe,mike.williams@email.com
892,Lisa,Williams,robert.taylor@email.com
893,James,Doe,sophie.taylor@email.com
894,Robert,Martinez,lisa.stewart@email.com
895,Anna,Williams,robert.doe@email.com
896,James,Williams,robert.miller@email.com
897,Jane,Lee,anna.smith@email.com
898,Olga,Doe,olga.brown@email.com
899,James,Brown,olga.lee@email.com
900,Anna,Williams,john.taylor@email.com
901,Robert,Miller,jane.smith@email.com
902,Olga,Brown,sophie.stewart@email.com
903,Lisa,Lee,james.martinez@email.com
904,James,Brown,jane.williams@email.com
905,Anna,Miller,lisa.smith@email.com
906,Jane,Martinez,mike.lee@email.com
907,Sophie,Miller,sophie.brown@email.com
908,Jane,Martinez,robert.taylor@email.com
909,Anna,Smith,james.stewart@email.com
910,Lisa,Smith,olga.lee@email.com
911,Robert,Williams,olga.martinez@email.com
912,Olga,Doe,james.williams@email.com
913,James,Lee,lisa.lee@email.com
914,Sophie,Stewart,sophie.taylor@email.com
915,Olga,Doe,john.williams@email.com
916,James,Stewart,lisa.smith@email.com
917,Mike,Martinez,olga.stewart@email.com
918,Sophie,Doe,sophie.martinez@email.com
919,Jane,Williams,anna.smith@email.com
920,Anna,Williams,jane.doe@email.com
921,James,Taylor,james.smith@email.com
922,James,Johnson,anna.williams@email.com
923,Anna,Smith,lisa.stewart@email.com
924,Anna,Martinez,james.brown@email.com
925,Robert,Lee,james.williams@email.com
926,Robert,Taylor,anna.martinez@email.com
927,James,Lee,sophie.taylor@email.com
928,Sophie,Taylor,robert.miller@email.com
929,Olga,Martinez,david.taylor@email.com
930,Sophie,Johnson,david.johnson@email.com
931,Jane,Williams,sophie.smith@email.com
932,Mike,Miller,olga.williams@email.com
933,Sophie,Brown,anna.miller@email.com
934,John,Johnson,anna.williams@email.com
935,Olga,Miller,anna.johnson@email.com
936,Mike,Williams,robert.miller@email.com
937,Mike,Doe,anna.doe@email.com
938,Lisa,Johnson,john.brown@email.com
939,David,Brown,robert.williams@email.com
940,James,Williams,anna.taylor@email.com
941,John,Doe,mike.stewart@email.com
942,Mike,Martinez,lisa.miller@email.com
943,Olga,Miller,james.taylor@email.com
944,Robert,Brown,sophie.martinez@email.com
945,Robert,Martinez,david.brown@email.com
946,Lisa,Williams,anna.taylor@email.com
947,James,Miller,lisa.taylor@email.com
948,Robert,Martinez,james.williams@email.com
949,John,Brown,david.brown@email.com
950,Jane,Taylor,john.smith@email.com
951,David,Brown,anna.smith@email.com
952,John,Taylor,anna.brown@email.com
953,Jane,Taylor,james.williams@email.com
954,Mike,Smith,james.williams@email.com
955,Jane,Miller,james.taylor@email.com
956,Sophie,Doe,olga.taylor@email.com
957,David,Williams,mike.martinez@email.com
958,Mike,Williams,robert.johnson@email.com
959,Anna,Brown,olga.brown@email.com
960,David,Doe,james.stewart@email.com
961,Lisa,Smith,john.brown@email.com
962,Jane,Miller,james.johnson@email.com
963,Mike,Lee,anna.williams@email.com
964,Mike,Miller,lisa.doe@email.com
965,Lisa,Johnson,robert.johnson@email.com
966,Anna,Williams,david.johnson@email.com
967,Sophie,Lee,john.lee@email.com
968,Olga,Miller,anna.lee@email.com
969,James,Miller,robert.martinez@email.com
970,Mike,Johnson,anna.johnson@email.com
971,Olga,Smith,mike.brown@email.com
972,James,Williams,john.lee@email.com
973,John,Martinez,lisa.doe@email.com
974,John,Doe,robert.martinez@email.com
975,Jane,Taylor,john.doe@email.com
976,James,Stewart,anna.williams@email.com
977,David,Doe,olga.smith@email.com
978,James,Williams,mike.lee@email.com
979,Jane,Miller,jane.williams@email.com
980,Lisa,Martinez,anna.taylor@email.com
981,Anna,Brown,james.brown@email.com
982,Sophie,Martinez,olga.stewart@email.com
983,John,Brown,david.doe@email.com
984,Anna,Stewart,robert.johnson@email.com
985,Robert,Taylor,john.lee@email.com
986,David,Martinez,olga.stewart@email.com
987,Robert,Williams,john.brown@email.com
988,Robert,Stewart,john.smith@email.com
989,Lisa,Miller,mike.johnson@email.com
990,Sophie,Martinez,mike.lee@email.com
991,Lisa,Doe,anna.martinez@email.com
992,Mike,Stewart,john.johnson@email.com
993,Sophie,Williams,olga.miller@email.com
994,Sophie,Johnson,jane.martinez@email.com
995,James,Lee,john.lee@email.com
996,Anna,Brown,olga.taylor@email.com
997,Anna,Brown,anna.doe@email.com
998,Olga,Brown,jane.smith@email.com
999,Sophie,Brown,james.smith@email.com
1000,Olga,Brown,olga.lee@email.com
